Strategic Goal,Status,Comments
Another change.,Green,Placeholder strategic goal requiring definition and scope clarification. Implementation approach and success criteria need to be established through strategic planning initiatives.
Validate novel predictive biomarkers,Amber,"Multi-phase biomarker validation program requiring robust study design, cross-functional coordination, and regulatory-grade protocols. Success depends on establishing clear validation criteria, patient cohort identification, and statistical analysis planning for clinical translation and regulatory acceptance. Critical focus on protocol standardization and data quality assurance across validation phases."
Expand tumor genomics database,Red,"Large-scale genomics infrastructure expansion requiring significant computational resources, robust data governance framework, and integration capabilities. Success factors include data management infrastructure, technical feasibility planning, and integration with existing clinical datasets. Strategic emphasis on scalability, data quality, and cross-platform compatibility for research applications."
Advance single‚Äëcell analytics platform,Green,"Next-generation analytics platform development requiring specialized technical expertise, protocol standardization, and platform integration capabilities. Critical success factors include reproducibility across research applications, user training programs, and widespread adoption strategies. Key focus areas include technical validation, platform optimization, and establishment of standardized analytical workflows."
Optimize next‚Äëgen kinase inhibitors,Green,"Advanced kinase inhibitor development program requiring comprehensive execution planning, molecular target validation, and competitive landscape analysis. Success depends on scientific plan optimization, lead compound selection, risk mitigation strategies, and leadership endorsement. Strategic emphasis on technical feasibility, development timelines, and maintaining program momentum through quarterly milestones."
Develop bispecific antibodies portfolio,Green,"Comprehensive bispecific antibody development initiative requiring specialized immunology expertise, manufacturing considerations, and clinical translation pathway planning. Critical success factors include technical platform establishment, protocol standardization, manufacturing scalability, and regulatory strategy development. Key focus areas include team formation, development timelines, and clinical utility demonstration."
Integrate AI for target selection,Amber,"AI-powered target identification platform requiring interdisciplinary collaboration between computational and biological teams, technology platform selection, and algorithmic validation. Success depends on data integration capabilities, validation criteria establishment, and technical specifications definition. Strategic emphasis on machine learning implementation, workshop-driven scope refinement, and cross-functional coordination."
Co‚Äëdevelop CDx assays with therapy programs,Red,"Integrated companion diagnostic development requiring comprehensive execution planning, vendor partnerships, and seamless therapy-diagnostic integration. Critical success factors include protocol finalization, regulatory alignment, clinical trial integration, and assay standardization. Key focus areas include regulatory strategy, clinical utility demonstration, and cross-functional collaboration between diagnostic and therapeutic teams."
Obtain FDA clearance for NGS panel,Green,"NGS panel regulatory approval program requiring comprehensive regulatory strategy, clinical validation studies, and FDA interaction planning. Success depends on workshop-driven scope definition, scientific plan refinement, and manufacturing considerations. Strategic emphasis on regulatory pathway optimization, clinical evidence generation, and compliance with FDA requirements for market clearance."
Reduce IND cycle time by 20%,Amber,"Process optimization initiative targeting regulatory efficiency improvements, bottleneck identification, and cross-functional coordination enhancement. Critical success factors include process standardization, resource allocation optimization, and quality assurance improvements. Key focus areas include workflow analysis, regulatory submission optimization, and timeline compression strategies while maintaining compliance standards."
Implement adaptive trial designs,Red,"Advanced statistical methodology implementation requiring specialized expertise, regulatory acceptance strategies, and operational feasibility planning. Success depends on protocol flexibility development, statistical innovation, and regulatory alignment for trial design approval. Strategic emphasis on scientific plan development, protocol standardization, and operational execution capabilities for complex trial designs."
Expand first‚Äëin‚Äëhuman trial network,Green,"Trial network expansion initiative requiring site identification strategies, investigator engagement, and operational excellence development. Critical success factors include geographic coverage optimization, site qualification criteria, investigator training programs, and regulatory alignment. Key focus areas include network development planning, site selection optimization, and operational infrastructure for early-phase clinical trials."
Harmonize global filings,Green,"Global regulatory coordination program requiring comprehensive execution planning, cross-regional alignment, and milestone tracking systems. Success depends on process standardization, submission efficiency optimization, and leadership endorsement across multiple jurisdictions. Strategic emphasis on regulatory intelligence, cross-functional collaboration, and achieving harmonization objectives through structured implementation planning."
Strengthen agency engagement strategy,Green,"Strategic regulatory relationship management requiring stakeholder mapping, communication strategy development, and regulatory intelligence enhancement. Critical success factors include agency interaction planning, relationship building, and strategic positioning with regulatory authorities. Key focus areas include regulatory advocacy, scientific plan refinement, and comprehensive engagement program development for multiple agencies."
Enhance CMC readiness,Amber,"Manufacturing readiness enhancement requiring specialized expertise, quality systems development, and regulatory compliance optimization. Success depends on process optimization, technical infrastructure development, and manufacturing excellence achievement. Strategic emphasis on core team formation, technical capability assessment, and regulatory alignment for chemistry, manufacturing, and controls requirements."
Deploy decentralized trial platform,Red,"Digital trial platform implementation requiring technology infrastructure development, user adoption strategies, and clinical integration capabilities. Critical success factors include platform scalability, technical expertise deployment, and patient engagement optimization. Key focus areas include technology validation, operational excellence, and user experience optimization for decentralized clinical trial execution."
Leverage wearables for safety monitoring,Green,"Advanced wearables integration program requiring technology validation, data quality assurance, and clinical utility demonstration. Success depends on technical plan refinement, data integration capabilities, and regulatory acceptance strategies. Strategic emphasis on feasibility validation, clinical integration, and comprehensive execution planning for safety monitoring enhancement through wearable technology platforms."
Automate data capture workflows,Amber,"Workflow automation initiative requiring technical infrastructure development, process optimization, and system integration capabilities. Critical success factors include scope definition, workflow efficiency improvements, and user adoption strategies. Key focus areas include technology integration, operational excellence, data quality enhancement, and comprehensive automation program development for clinical data capture processes."
Build oncology RWE registry,Red,"Real-world evidence registry development requiring specialized data management expertise, patient recruitment strategies, and robust data governance frameworks. Success depends on protocol standardization, data collection infrastructure, and clinical utility demonstration. Strategic emphasis on patient engagement, data quality assurance, and regulatory acceptance for real-world evidence generation in oncology applications."
Generate comparative effectiveness studies,Green,"Comprehensive effectiveness research program requiring study design optimization, data quality assurance, and regulatory-grade evidence generation. Critical success factors include statistical methodology development, vendor partnerships, and external collaboration capabilities. Key focus areas include feasibility validation, data integration strategies, and evidence generation for comparative effectiveness research in clinical settings."
Integrate EHR data for signal detection,Green,"Electronic health record integration requiring technical infrastructure development, data standardization, and analytical capability enhancement. Success depends on data quality optimization, signal detection algorithm development, and technical integration planning. Strategic emphasis on data management strategy, analytical workflow development, and comprehensive integration capabilities for clinical signal detection applications."
Increase minority patient enrollment,Green,"Patient diversity enhancement requiring specialized outreach expertise, community engagement strategies, and protocol accessibility optimization. Critical success factors include community partnerships, cultural competency development, and enrollment strategy effectiveness. Key focus areas include outreach program development, protocol design optimization, and comprehensive engagement strategies for diverse patient population recruitment and retention."
Implement financial assistance programs,Amber,"Patient support program development requiring comprehensive execution planning, program design optimization, and accessibility enhancement. Success depends on financial modeling, eligibility criteria development, and patient support infrastructure establishment. Strategic emphasis on program effectiveness measurement, patient access improvement, and comprehensive assistance program implementation for enhanced patient enrollment and treatment accessibility."